Source,Target
Stan Apps poet,http://dwuaw.tripod.com
Stan Apps poet,https://www.newyorker.com
Stan Apps poet,http://www.arras.net
Stan Apps poet,https://www.spdbooks.org
Stan Apps poet,http://areasneaks.com
Stan Apps poet,https://aminoapps.com
Stan Apps poet,https://www.poetryinternationalweb.net
Stan Apps poet,https://on-contemporarypractice.squarespace.com
Stan Apps poet,http://wallacethinksagain.blogspot.com
Stan Apps poet,http://www.simonandschuster.com
Stan Apps poet,http://cadmiumtextseries.blogspot.com
Stan Apps poet,https://www.youtube.com
Stan Apps poet,https://www.poetryfoundation.org
Stan Apps poet,https://lareviewofbooks.org
Stan Apps poet,https://www.sccgov.org
Stan Apps poet,http://blogs.sjsu.edu
Stan Apps poet,https://www.amazon.com.au
Stan Apps poet,https://www.loc.gov
Stan Apps poet,https://twitter.com
Stan Apps poet,https://www.barnesandnoble.com
Stan Apps poet,https://www.poetryproject.org
Stan Apps poet,http://actionyes.org
Stan Apps poet,https://www.nytimes.com
Stan Apps poet,https://www.abebooks.com
Stan Apps poet,https://www.msac.org
Stan Apps poet,http://www.citylights.com
Stan Apps poet,http://betalevel.com
Stan Apps poet,https://www.heraldscotland.com
Stan Apps poet,http://www.lesfigues.com
Stan Apps poet,https://www.amazon.com
Stan Apps poet,https://www.amazon.ca
Stan Apps poet,http://galatearesurrection17.blogspot.com
Stan Apps poet,http://segueseries.blogspot.com
Stan Apps poet,https://www.independent.co.uk
Stan Apps poet,https://www.heraldmailmedia.com
Stan Apps poet,https://www.economist.com
Stan Apps poet,http://www.seguefoundation.com
Stan Apps poet,http://agitpropspace.org
Stan Apps poet,http://jacket2.org
Stan Apps poet,https://www.amazon.co.uk
Stan Apps poet,https://apps.centenary.edu
Stan Apps poet,https://www.losgatosca.gov
Stan Apps poet,http://andrewkenower.typepad.com
Stan Apps poet,http://jacketmagazine.com
Anne Boyer poet,http://thekitchen.org
Anne Boyer poet,http://www.kcur.org
Anne Boyer poet,https://bombmagazine.org
Anne Boyer poet,https://therumpus.net
Anne Boyer poet,http://writing.upenn.edu
Anne Boyer poet,https://www.keble.ox.ac.uk
Anne Boyer poet,https://mythosmag.com
Anne Boyer poet,https://ahsahtapress.org
Anne Boyer poet,https://tulane.edu
Anne Boyer poet,https://coffeehousepress.org
Anne Boyer poet,https://www.foundationforcontemporaryarts.org
Anne Boyer poet,https://www.youtube.com
Anne Boyer poet,http://kcstudio.org
Anne Boyer poet,https://www.poetryfoundation.org
Anne Boyer poet,https://frieze.com
Anne Boyer poet,http://www.harvard.com
Anne Boyer poet,https://www.3ammagazine.com
Anne Boyer poet,https://muse.jhu.edu
Anne Boyer poet,https://www.uglyducklingpresse.org
Anne Boyer poet,https://poet.tips
Anne Boyer poet,https://www.poetrysociety.org
Anne Boyer poet,https://www.poets.org
Anne Boyer poet,https://www.goodreads.com
Anne Boyer poet,http://blog.pshares.org
Anne Boyer poet,https://garage.vice.com
Anne Boyer poet,https://twitter.com
Anne Boyer poet,https://lemonhound.com
Anne Boyer poet,http://www.anneboyer.com
Anne Boyer poet,https://kcai.edu
Anne Boyer poet,https://www.nytimes.com
Anne Boyer poet,https://harpers.org
Anne Boyer poet,https://www.kansascity.com
Anne Boyer poet,https://www.theparisreview.org
Anne Boyer poet,https://accessions.org
Anne Boyer poet,https://www.amazon.com
Anne Boyer poet,https://steinhardt.nyu.edu
Anne Boyer poet,https://washburn.edu
Anne Boyer poet,https://www.facebook.com
Anne Boyer poet,https://www.lyndensculpturegarden.org
Anne Boyer poet,https://english.stanford.edu
Anne Boyer poet,http://sinkreview.org
Anne Boyer poet,http://www.bedrockarteditions.com
Anne Boyer poet,https://www.amazon.co.uk
Anne Boyer poet,http://www.woodlandpattern.org
Anne Boyer poet,https://www.perdu.nl
Anne Boyer poet,https://www.anneboyer.com
Anne Boyer poet,https://www.whiting.org
Anne Boyer poet,https://en.wikipedia.org
Anne Boyer poet,https://www.poetryproject.org
Brandon Brown poet,https://jmurph.bandcamp.com
Brandon Brown poet,https://bombmagazine.org
Brandon Brown poet,https://www.biglucks.com
Brandon Brown poet,https://www.arts.gov
Brandon Brown poet,https://www.spdbooks.org
Brandon Brown poet,https://therumpus.net
Brandon Brown poet,http://shitwonder.com
Brandon Brown poet,https://www.pinterest.com
Brandon Brown poet,http://www.newamericanwriting.com
Brandon Brown poet,https://www.fieldsmagazine.com
Brandon Brown poet,https://jacket2.org
Brandon Brown poet,https://www.youtube.com
Brandon Brown poet,https://events.berkeley.edu
Brandon Brown poet,https://www.poetryfoundation.org
Brandon Brown poet,http://electiveaffinitiesusa.blogspot.com
Brandon Brown poet,https://www.3ammagazine.com
Brandon Brown poet,https://muse.jhu.edu
Brandon Brown poet,https://www.poets.org
Brandon Brown poet,https://www.bookcellarinc.com
Brandon Brown poet,https://poet.tips
Brandon Brown poet,https://poorclaudia.org
Brandon Brown poet,https://openspace.sfmoma.org
Brandon Brown poet,https://www.behance.net
Brandon Brown poet,https://www.keshetonline.org
Brandon Brown poet,http://www.thehomeschool.org
Brandon Brown poet,https://www.target.com
Brandon Brown poet,http://www.thethepoetry.com
Brandon Brown poet,http://thefanzine.com
Brandon Brown poet,https://www.downtownla.com
Brandon Brown poet,http://acommonsenseseries.blogspot.com
Brandon Brown poet,https://www.kenyonreview.org
Brandon Brown poet,http://www.academia.edu
Brandon Brown poet,http://sustainableaircraft.com
Brandon Brown poet,https://www.amazon.com
Brandon Brown poet,https://hyperallergic.com
Brandon Brown poet,https://www.poemhunter.com
Brandon Brown poet,https://www.facebook.com
Brandon Brown poet,http://www.brandonjordanbrown.com
Brandon Brown poet,https://mondobummer.com
Brandon Brown poet,https://www.brown.edu
Brandon Brown poet,http://www.sacramentopoetrycenter.com
Brandon Brown poet,http://www.seguefoundation.com
Brandon Brown poet,https://lithub.com
Brandon Brown poet,https://soundcloud.com
Brandon Brown poet,http://www.mischiefmanaged.info
Brandon Brown poet,https://www.culturalweekly.com
Brandon Brown poet,http://www.kenningeditions.com
Brandon Brown poet,https://www.poetryproject.org
Maria Damon poet,https://wavefarm.org
Maria Damon poet,https://www.talismanhousepublishers.com
Maria Damon poet,https://www.bibliovault.org
Maria Damon poet,http://www.moriapoetry.com
Maria Damon poet,https://medium.com
Maria Damon poet,https://www.asicentral.com
Maria Damon poet,https://apps.cla.umn.edu
Maria Damon poet,https://www.cavehill.uwi.edu
Maria Damon poet,https://www.asu.edu
Maria Damon poet,https://jacket2.org
Maria Damon poet,https://www.poetryfoundation.org
Maria Damon poet,https://contactzones.cit.cornell.edu
Maria Damon poet,http://www.hyperpoesia.net
Maria Damon poet,http://umn.academia.edu
Maria Damon poet,http://bigbridge.org
Maria Damon poet,http://minnesota.universitypressscholarship.com
Maria Damon poet,https://www.spidertangle.net
Maria Damon poet,https://page22nyc.wordpress.com
Maria Damon poet,http://counterpathpress.org
Maria Damon poet,https://www.pratt.edu
Maria Damon poet,https://www.millaycolony.org
Maria Damon poet,https://lareviewofbooks.org
Maria Damon poet,http://www.woodlandpattern.org
Maria Damon poet,https://arts.columbia.edu
Maria Damon poet,https://journals.openedition.org
Maria Damon poet,https://sites.hampshire.edu
Maria Damon poet,https://robmclennan.blogspot.com
Maria Damon poet,https://www.jstor.org
Maria Damon poet,https://www.amazon.com
Maria Damon poet,https://www.facebook.com
Maria Damon poet,http://www.dusie.org
Maria Damon poet,https://www.upress.umn.edu
Maria Damon poet,https://www.barzakh.net
Maria Damon poet,https://pleasekillme.com
Maria Damon poet,http://www.contemporaryartsociety.org
Maria Damon poet,http://jacket2.org
Maria Damon poet,https://chax.org
Maria Damon poet,http://micawberesque.blogspot.com
Maria Damon poet,https://www.thriftbooks.com
Maria Damon poet,https://shepherdexpress.com
Maria Damon poet,https://read.dukeupress.edu
Maria Damon poet,http://jacketmagazine.com
Maria Damon poet,http://literature.oxfordre.com
Jordan Davis poet,http://millionpoems.blogspot.com
Jordan Davis poet,https://www.newyorker.com
Jordan Davis poet,http://www.jacksonville.com
Jordan Davis poet,https://www.spdbooks.org
Jordan Davis poet,http://writing.upenn.edu
Jordan Davis poet,https://www.powerpoetry.org
Jordan Davis poet,https://www.instagram.com
Jordan Davis poet,https://www.pw.org
Jordan Davis poet,https://auburnpub.com
Jordan Davis poet,http://bostonreview.net
Jordan Davis poet,http://profile.typepad.com
Jordan Davis poet,https://www.aauw.org
Jordan Davis poet,https://www.pinterest.com
Jordan Davis poet,http://www.dcpoetry.com
Jordan Davis poet,https://www.nypl.org
Jordan Davis poet,https://www.huffingtonpost.com
Jordan Davis poet,https://prabook.com
Jordan Davis poet,https://www.flickr.com
Jordan Davis poet,https://www.cltampa.com
Jordan Davis poet,http://dayontheday.com
Jordan Davis poet,https://www.youtube.com
Jordan Davis poet,https://www.poetryfoundation.org
Jordan Davis poet,https://www.thestranger.com
Jordan Davis poet,https://www.poets.org
Jordan Davis poet,https://goodblacknews.org
Jordan Davis poet,https://www.poetrysociety.org
Jordan Davis poet,https://www.jordandavis.com
Jordan Davis poet,https://www.goodreads.com
Jordan Davis poet,https://www.revolvy.com
Jordan Davis poet,https://twitter.com
Jordan Davis poet,https://www.jordandavisofficial.com
Jordan Davis poet,http://www.3ammagazine.com
Jordan Davis poet,https://plumepoetry.com
Jordan Davis poet,https://www.kenyonreview.org
Jordan Davis poet,https://alchetron.com
Jordan Davis poet,https://www.atlasobscura.com
Jordan Davis poet,https://blog.bestamericanpoetry.com
Jordan Davis poet,https://www.amazon.com
Jordan Davis poet,https://www.miamiherald.com
Jordan Davis poet,https://www.poemhunter.com
Jordan Davis poet,https://constantcritic.com
Jordan Davis poet,https://people.com
Jordan Davis poet,http://home.jps.net
Jordan Davis poet,https://muckrack.com
Jordan Davis poet,http://www.startribune.com
Jordan Davis poet,https://www.thenation.com
Jordan Davis poet,http://www.kenningeditions.com
Jordan Davis poet,https://en.wikipedia.org
Jordan Davis poet,http://www.youtube.com
Jordan Davis poet,http://jacketmagazine.com
Katie Degentesh poet,http://modampo.blogspot.com
Katie Degentesh poet,https://www.spdbooks.org
Katie Degentesh poet,http://writing.upenn.edu
Katie Degentesh poet,https://www.linkedin.com
Katie Degentesh poet,https://www.pw.org
Katie Degentesh poet,https://www.sarahnicholls.com
Katie Degentesh poet,http://bostonreview.net
Katie Degentesh poet,http://articles.baltimoresun.com
Katie Degentesh poet,http://www.dcpoetry.com
Katie Degentesh poet,https://rampages.us
Katie Degentesh poet,https://zappedpoetry.wordpress.com
Katie Degentesh poet,https://www.asu.edu
Katie Degentesh poet,http://beehive.temporalimage.com
Katie Degentesh poet,https://www.theawl.com
Katie Degentesh poet,https://friendsofroslindalelibrary.org
Katie Degentesh poet,https://jacket2.org
Katie Degentesh poet,https://www.youtube.com
Katie Degentesh poet,https://www.poetryfoundation.org
Katie Degentesh poet,https://believermag.com
Katie Degentesh poet,http://www.kickingwind.com
Katie Degentesh poet,http://journals.sfu.ca
Katie Degentesh poet,https://www.poets.org
Katie Degentesh poet,https://poet.tips
Katie Degentesh poet,https://www.poetrysociety.org
Katie Degentesh poet,https://twitter.com
Katie Degentesh poet,http://www.flim.com
Katie Degentesh poet,https://www.discogs.com
Katie Degentesh poet,https://www.bookforum.com
Katie Degentesh poet,http://books.wwnorton.com
Katie Degentesh poet,http://lesfigues.com
Katie Degentesh poet,https://www.amazon.com
Katie Degentesh poet,https://www.sfgate.com
Katie Degentesh poet,https://hyperallergic.com
Katie Degentesh poet,https://www.washingtonpost.com
Katie Degentesh poet,https://www.facebook.com
Katie Degentesh poet,http://galatearesurrection4.blogspot.com
Katie Degentesh poet,http://thequietus.com
Katie Degentesh poet,https://www.brown.edu
Katie Degentesh poet,https://searchworks.stanford.edu
Katie Degentesh poet,http://newlifecomic.blogspot.com
Katie Degentesh poet,http://coldfrontmag.com
Katie Degentesh poet,http://www.seguefoundation.com
Katie Degentesh poet,http://www.poeticsorchestra.com
Katie Degentesh poet,https://albanypoets.com
Katie Degentesh poet,https://en.wikipedia.org
Katie Degentesh poet,http://chicagoreview.org
Katie Degentesh poet,http://jacketmagazine.com
Benjamin Friedlander poet,https://www.ucpress.edu
Benjamin Friedlander poet,https://www.spdbooks.org
Benjamin Friedlander poet,http://writing.upenn.edu
Benjamin Friedlander poet,http://poet.tips
Benjamin Friedlander poet,http://bostonreview.net
Benjamin Friedlander poet,https://www.mlajournals.org
Benjamin Friedlander poet,https://nwsnews.wordpress.com
Benjamin Friedlander poet,http://wallacethinksagain.blogspot.com
Benjamin Friedlander poet,https://www.publishersweekly.com
Benjamin Friedlander poet,https://www.saltpublishing.com
Benjamin Friedlander poet,https://read.dukeupress.edu
Benjamin Friedlander poet,https://www.bookdepository.com
Benjamin Friedlander poet,https://www.derringerbooks.com
Benjamin Friedlander poet,http://www.aerialedge.com
Benjamin Friedlander poet,http://www.english.illinois.edu
Benjamin Friedlander poet,https://jacket2.org
Benjamin Friedlander poet,https://npftext.wordpress.com
Benjamin Friedlander poet,http://robmclennan.blogspot.com
Benjamin Friedlander poet,https://www.poetryfoundation.org
Benjamin Friedlander poet,http://isola-di-rifiuti.blogspot.com
Benjamin Friedlander poet,https://www.goodreads.com
Benjamin Friedlander poet,https://ampoarchive.wordpress.com
Benjamin Friedlander poet,https://twitter.com
Benjamin Friedlander poet,https://www.poetryproject.org
Benjamin Friedlander poet,https://www.nytimes.com
Benjamin Friedlander poet,https://www.amazon.de
Benjamin Friedlander poet,https://www.jstor.org
Benjamin Friedlander poet,https://sagetrieb.wordpress.com
Benjamin Friedlander poet,https://poetics.uchicago.edu
Benjamin Friedlander poet,https://www.amazon.com
Benjamin Friedlander poet,https://www.amazon.ca
Benjamin Friedlander poet,https://nationalpoetryfoundation.wordpress.com
Benjamin Friedlander poet,http://home.jps.net
Benjamin Friedlander poet,https://www.sbu.edu
Benjamin Friedlander poet,https://askafriend.co.uk
Benjamin Friedlander poet,https://www.amazon.co.uk
Benjamin Friedlander poet,https://umedia.lib.umn.edu
Benjamin Friedlander poet,https://www.thenation.com
Benjamin Friedlander poet,https://www.thirdmindbooks.com
Benjamin Friedlander poet,https://en.wikipedia.org
Benjamin Friedlander poet,http://jacketmagazine.com
Benjamin Friedlander poet,https://english.umaine.edu
Christopher Funkhouser poet,https://underacademycollege.wordpress.com
Christopher Funkhouser poet,https://sites.grenadine.uqam.ca
Christopher Funkhouser poet,https://web.njit.edu
Christopher Funkhouser poet,http://dl.acm.org
Christopher Funkhouser poet,https://adm.book.jetradar.co.th
Christopher Funkhouser poet,https://www.instagram.com
Christopher Funkhouser poet,https://www.spdbooks.org
Christopher Funkhouser poet,https://www.questia.com
Christopher Funkhouser poet,http://meremodernity.wikia.com
Christopher Funkhouser poet,https://www.sunydutchess.edu
Christopher Funkhouser poet,https://elo2015.sched.com
Christopher Funkhouser poet,https://www.imdb.com
Christopher Funkhouser poet,https://audibleepheme-r-a.bandcamp.com
Christopher Funkhouser poet,https://www.brunel.ac.uk
Christopher Funkhouser poet,https://jacket2.org
Christopher Funkhouser poet,http://www.mdpi.com
Christopher Funkhouser poet,http://theartsheet.org
Christopher Funkhouser poet,http://nickm.com
Christopher Funkhouser poet,https://www.poetryfoundation.org
Christopher Funkhouser poet,https://arts-sciences.buffalo.edu
Christopher Funkhouser poet,https://www.ancestry.com
Christopher Funkhouser poet,https://www.amazon.com.au
Christopher Funkhouser poet,https://twitter.com
Christopher Funkhouser poet,https://digitalis-dsp.uc.pt
Christopher Funkhouser poet,http://www.geni.com
Christopher Funkhouser poet,http://www.centuryhouse.org
Christopher Funkhouser poet,http://www.ekac.org
Christopher Funkhouser poet,https://www.jstor.org
Christopher Funkhouser poet,http://digitalhumanities.org
Christopher Funkhouser poet,https://www.altx.com
Christopher Funkhouser poet,http://hyperrhiz.io
Christopher Funkhouser poet,https://www.drunkenboat.com
Christopher Funkhouser poet,https://www.cddc.vt.edu
Christopher Funkhouser poet,https://www.facebook.com
Christopher Funkhouser poet,https://toddwords.com
Christopher Funkhouser poet,http://www.dawnbreeze.com
Christopher Funkhouser poet,https://tricycle.org
Christopher Funkhouser poet,http://www.lehman.cuny.edu
Christopher Funkhouser poet,https://elmcip.net
Christopher Funkhouser poet,http://www.wepress.org
Christopher Funkhouser poet,https://juntos.org.br
Christopher Funkhouser poet,http://www.poetspath.com
Christopher Funkhouser poet,http://njit.academia.edu
Christopher Funkhouser poet,https://www.english.upenn.edu
Christopher Funkhouser poet,http://www.dichtung-digital.de
Christopher Funkhouser poet,http://jacketmagazine.com
Christopher Funkhouser poet,https://www.postandcourier.com
K. Lorraine Graham poet,https://picgra.com
K. Lorraine Graham poet,https://article.wn.com
K. Lorraine Graham poet,http://www.arras.net
K. Lorraine Graham poet,https://www.instagram.com
K. Lorraine Graham poet,https://ronsilliman.blogspot.com
K. Lorraine Graham poet,http://www.moriapoetry.com
K. Lorraine Graham poet,http://welcometolace.org
K. Lorraine Graham poet,http://www.angelfire.com
K. Lorraine Graham poet,https://www.justbuffalo.org
K. Lorraine Graham poet,https://medium.com
K. Lorraine Graham poet,http://www.dcpoetry.com
K. Lorraine Graham poet,http://wallacethinksagain.blogspot.com
K. Lorraine Graham poet,http://phoebejournal.com
K. Lorraine Graham poet,http://jupiter88poetry.blogspot.com
K. Lorraine Graham poet,http://electiveaffinitiesusa.blogspot.com
K. Lorraine Graham poet,https://www.poetryfoundation.org
K. Lorraine Graham poet,http://narrow-house.blogspot.com
K. Lorraine Graham poet,http://booksofpoetry.blogspot.com
K. Lorraine Graham poet,https://muse.jhu.edu
K. Lorraine Graham poet,http://galatearesurrection16.blogspot.com
K. Lorraine Graham poet,https://poet.tips
K. Lorraine Graham poet,https://www.blacklawrence.com
K. Lorraine Graham poet,https://openspace.sfmoma.org
K. Lorraine Graham poet,https://twitter.com
K. Lorraine Graham poet,http://www.gargoylemagazine.com
K. Lorraine Graham poet,http://delirioushem.blogspot.com
K. Lorraine Graham poet,http://www.poeticresearch.com
K. Lorraine Graham poet,http://www.belladonnaseries.org
K. Lorraine Graham poet,https://insta-stalker.com
K. Lorraine Graham poet,http://lesfigues.com
K. Lorraine Graham poet,https://sllc.umd.edu
K. Lorraine Graham poet,https://www.amazon.com
K. Lorraine Graham poet,http://www.pomoculture.org
K. Lorraine Graham poet,http://literature.ucsd.edu
K. Lorraine Graham poet,http://terminalhumming.blogspot.com
K. Lorraine Graham poet,https://www.facebook.com
K. Lorraine Graham poet,http://www.dusie.org
K. Lorraine Graham poet,http://www.csupoetrycenter.com
K. Lorraine Graham poet,https://bettertobegin.wordpress.com
K. Lorraine Graham poet,http://www.thevolta.org
K. Lorraine Graham poet,https://klorrainegraham.com
K. Lorraine Graham poet,https://www.sbu.edu
K. Lorraine Graham poet,https://vimeo.com
K. Lorraine Graham poet,http://coldfrontmag.com
K. Lorraine Graham poet,http://thefrenchexit.blogspot.com
K. Lorraine Graham poet,http://news.bloofbooks.com
K. Lorraine Graham poet,http://www.essaypress.org
K. Lorraine Graham poet,https://www.printedmatter.org
K. Lorraine Graham poet,https://www.evensi.us
K. Lorraine Graham poet,http://jacketmagazine.com
Mitch Highfill poet,https://www.clubfreetime.com
Mitch Highfill poet,https://www.spdbooks.org
Mitch Highfill poet,http://writing.upenn.edu
Mitch Highfill poet,https://www.linkedin.com
Mitch Highfill poet,https://ronsilliman.blogspot.com
Mitch Highfill poet,https://dia.qi-cms.com
Mitch Highfill poet,http://www.angelfire.com
Mitch Highfill poet,http://bostonlitdistrict.org
Mitch Highfill poet,https://www.talismanmag.net
Mitch Highfill poet,http://bedfordandbowery.com
Mitch Highfill poet,https://www.asu.edu
Mitch Highfill poet,http://basilking.net
Mitch Highfill poet,https://jacket2.org
Mitch Highfill poet,http://www.onthewilderside.com
Mitch Highfill poet,http://barrettwatten.net
Mitch Highfill poet,https://www.youtube.com
Mitch Highfill poet,https://www.poetryfoundation.org
Mitch Highfill poet,http://jacketmagazine.com
Mitch Highfill poet,http://www.berlspoetry.com
Mitch Highfill poet,http://www.flickr.com
Mitch Highfill poet,https://muse.jhu.edu
Mitch Highfill poet,https://lareviewofbooks.org
Mitch Highfill poet,http://www.granarybooks.com
Mitch Highfill poet,http://barbarahenning.com
Mitch Highfill poet,https://allenginsberg.org
Mitch Highfill poet,http://flarffestival.blogspot.com
Mitch Highfill poet,http://www.sourceunltd.com
Mitch Highfill poet,https://www.poetryproject.org
Mitch Highfill poet,https://issuu.com
Mitch Highfill poet,https://kwnyc.com
Mitch Highfill poet,https://lunarchandelier.blogspot.com
Mitch Highfill poet,https://brooklynrail.org
Mitch Highfill poet,http://whof.blogspot.com
Mitch Highfill poet,https://www.arthaps.com
Mitch Highfill poet,http://peepshowpoetry.blogspot.com
Mitch Highfill poet,https://allevents.in
Mitch Highfill poet,https://hyperallergic.com
Mitch Highfill poet,https://www.diaart.org
Mitch Highfill poet,http://www.conjunctions.com
Mitch Highfill poet,http://www.thelmagazine.com
Mitch Highfill poet,http://home.jps.net
Mitch Highfill poet,https://bookforum.com
Mitch Highfill poet,http://dougholder.blogspot.com
Mitch Highfill poet,http://www.seguefoundation.com
Mitch Highfill poet,https://lithub.com
Mitch Highfill poet,http://www.boogcity.com
Mitch Highfill poet,https://en.wikipedia.org
Mitch Highfill poet,http://www.youtube.com
Mitch Highfill poet,http://www.kickingwind.com
Rodney Koeneke poet,http://enclave.entropymag.org
Rodney Koeneke poet,http://exchange.prx.org
Rodney Koeneke poet,http://modampo.blogspot.com
Rodney Koeneke poet,https://www.spdbooks.org
Rodney Koeneke poet,http://www.openpoetrybooks.com
Rodney Koeneke poet,https://nwsnews.wordpress.com
Rodney Koeneke poet,https://www.publishersweekly.com
Rodney Koeneke poet,http://poetasradio.blogspot.com
Rodney Koeneke poet,https://www.poetryoutloud.org
Rodney Koeneke poet,https://www.newpages.com
Rodney Koeneke poet,https://www.bookdepository.com
Rodney Koeneke poet,https://jacket2.org
Rodney Koeneke poet,http://robmclennan.blogspot.com
Rodney Koeneke poet,http://www.writing.upenn.edu
Rodney Koeneke poet,https://www.wavepoetry.com
Rodney Koeneke poet,https://www.poetryfoundation.org
Rodney Koeneke poet,http://latenightlibrary.org
Rodney Koeneke poet,https://www.dymocks.com.au
Rodney Koeneke poet,https://granta.com
Rodney Koeneke poet,https://www.frontierpoetry.com
Rodney Koeneke poet,https://www.poetrysociety.org
Rodney Koeneke poet,https://poet.tips
Rodney Koeneke poet,https://thirdfactory.wordpress.com
Rodney Koeneke poet,https://www.revolvy.com
Rodney Koeneke poet,https://www.4squarereview.com
Rodney Koeneke poet,https://twitter.com
Rodney Koeneke poet,https://www.target.com
Rodney Koeneke poet,https://www.goodreads.com
Rodney Koeneke poet,http://www.poeticresearch.com
Rodney Koeneke poet,https://wikivisually.com
Rodney Koeneke poet,https://www.bokklubben.no
Rodney Koeneke poet,http://www.powells.com
Rodney Koeneke poet,https://www.abebooks.com
Rodney Koeneke poet,https://www.amazon.com
Rodney Koeneke poet,http://www.kenningeditions.com
Rodney Koeneke poet,https://www.booktopia.com.au
Rodney Koeneke poet,https://www.facebook.com
Rodney Koeneke poet,https://jenelledalessandro.com
Rodney Koeneke poet,https://newyork.carpe-diem.events
Rodney Koeneke poet,http://bookhaven.stanford.edu
Rodney Koeneke poet,https://www.amazon.co.uk
Rodney Koeneke poet,http://www.blazevox.org
Rodney Koeneke poet,https://www.evensi.us
Rodney Koeneke poet,https://www.poemhunter.com
Rodney Koeneke poet,https://en.wikipedia.org
Bill Luoma poet,https://www.amazon.com.mx
Bill Luoma poet,http://luoma.blogspot.com
Bill Luoma poet,http://writing.upenn.edu
Bill Luoma poet,https://www.linkedin.com
Bill Luoma poet,https://www.bibliovault.org
Bill Luoma poet,http://jennifermoxley.com
Bill Luoma poet,http://www.annetardos.com
Bill Luoma poet,https://www.pinterest.com
Bill Luoma poet,http://losangelesreview.org
Bill Luoma poet,http://jupiter88poetry.blogspot.com
Bill Luoma poet,https://www.flickr.com
Bill Luoma poet,https://blackwells.co.uk
Bill Luoma poet,http://vincentkatz.net
Bill Luoma poet,http://www.writing.ucsb.edu
Bill Luoma poet,https://jacket2.org
Bill Luoma poet,http://galatearesurrection18.blogspot.com
Bill Luoma poet,https://tinfishpress.com
Bill Luoma poet,https://www.poetryfoundation.org
Bill Luoma poet,https://boogcity.com
Bill Luoma poet,http://www.bard.edu
Bill Luoma poet,http://jacketmagazine.com
Bill Luoma poet,http://hosted.verticalresponse.com
Bill Luoma poet,http://www.pavementsaw.org
Bill Luoma poet,https://poet.tips
Bill Luoma poet,http://counterpathpress.org
Bill Luoma poet,http://www.citylightspodcast.com
Bill Luoma poet,https://twitter.com
Bill Luoma poet,http://www.poeticresearch.com
Bill Luoma poet,http://www.wildhoneypress.com
Bill Luoma poet,http://www.makemag.com
Bill Luoma poet,https://www.jstor.org
Bill Luoma poet,http://users.speakeasy.net
Bill Luoma poet,https://www.amazon.com
Bill Luoma poet,https://www.amazon.ca
Bill Luoma poet,http://www.raintaxi.com
Bill Luoma poet,https://constantcritic.com
Bill Luoma poet,http://archives.getty.edu:30008
Bill Luoma poet,https://askafriend.co.uk
Bill Luoma poet,http://www.seguefoundation.com
Bill Luoma poet,http://shannacompton.blogspot.com
Bill Luoma poet,http://www.mercerunion.org
Bill Luoma poet,https://albanypoets.com
Bill Luoma poet,http://www.kenningeditions.com
Bill Luoma poet,https://en.wikipedia.org
Bill Luoma poet,https://www.poetryproject.org
Michael Magee poet,https://moonpathpress.com
Michael Magee poet,http://www.arras.net
Michael Magee poet,http://www.bigbridge.org
Michael Magee poet,https://www.spdbooks.org
Michael Magee poet,http://writing.upenn.edu
Michael Magee poet,https://ronsilliman.blogspot.com
Michael Magee poet,http://www.poetryatlas.com
Michael Magee poet,https://www.poetswest.com
Michael Magee poet,https://www.thenewstribune.com
Michael Magee poet,https://www.cityartsmagazine.com
Michael Magee poet,https://jacket2.org
Michael Magee poet,http://elinorteele.com
Michael Magee poet,https://www.youtube.com
Michael Magee poet,http://www.writing.upenn.edu
Michael Magee poet,https://www.poetryfoundation.org
Michael Magee poet,https://www.thehour.com
Michael Magee poet,https://www.poets.org
Michael Magee poet,https://rc.linkedin.com
Michael Magee poet,https://thirdfactory.wordpress.com
Michael Magee poet,https://www.revolvy.com
Michael Magee poet,http://www.auburn-reporter.com
Michael Magee poet,http://tomhawthorn.blogspot.com
Michael Magee poet,http://sites.jcu.edu
Michael Magee poet,https://tacomaweekly.com
Michael Magee poet,https://www.barnesandnoble.com
Michael Magee poet,http://jackstraw.org
Michael Magee poet,https://www.coursera.org
Michael Magee poet,https://www.bookforum.com
Michael Magee poet,https://www.jstor.org
Michael Magee poet,http://www.healthcommentary.org
Michael Magee poet,https://www.poetrynw.org
Michael Magee poet,https://www.academia.edu
Michael Magee poet,http://ccat.sas.upenn.edu
Michael Magee poet,https://www.amazon.com
Michael Magee poet,http://lesfigues.com
Michael Magee poet,https://www.facebook.com
Michael Magee poet,http://www.kser.org
Michael Magee poet,http://www.thevolta.org
Michael Magee poet,http://www.blazevox.org
Michael Magee poet,http://www.wvud.org
Michael Magee poet,https://www.poemhunter.com
Michael Magee poet,https://en.wikipedia.org
Michael Magee poet,http://jacketmagazine.com
Mel Nichols poet,https://www.spdbooks.org
Mel Nichols poet,http://writing.upenn.edu
Mel Nichols poet,https://modampo.blogspot.com
Mel Nichols poet,https://nwsnews.wordpress.com
Mel Nichols poet,http://www.dcpoetry.com
Mel Nichols poet,http://www.panicresearch.com
Mel Nichols poet,http://stevenfama.blogspot.com
Mel Nichols poet,https://www.huffingtonpost.com
Mel Nichols poet,http://phoebejournal.com
Mel Nichols poet,http://jupiter88poetry.blogspot.com
Mel Nichols poet,https://www.flickr.com
Mel Nichols poet,http://www.sandrasimondspoet.com
Mel Nichols poet,http://www.flying-object.org
Mel Nichols poet,http://www.carrboropoetryfestival.org
Mel Nichols poet,https://www.theatlantic.com
Mel Nichols poet,https://jacket2.org
Mel Nichols poet,https://www.youtube.com
Mel Nichols poet,https://www.poetryfoundation.org
Mel Nichols poet,http://www.rhizomedc.org
Mel Nichols poet,http://www.flickr.com
Mel Nichols poet,https://micawberesque.blogspot.com
Mel Nichols poet,http://www.jstor.org
Mel Nichols poet,https://poet.tips
Mel Nichols poet,http://gwenglish.blogspot.com
Mel Nichols poet,https://www.goodreads.com
Mel Nichols poet,https://www.hannahrudman.com
Mel Nichols poet,http://bodegapoponwfmu.blogspot.com
Mel Nichols poet,https://www.pitzer.edu
Mel Nichols poet,https://www.nationaltrust.org.uk
Mel Nichols poet,http://www.poeticresearch.com
Mel Nichols poet,http://www.beltwaypoetry.com
Mel Nichols poet,http://illuminatedmeat.blogspot.com
Mel Nichols poet,https://yellowco.co
Mel Nichols poet,https://www.cafilm.org
Mel Nichols poet,http://bibliomanic.com
Mel Nichols poet,https://www.facebook.com
Mel Nichols poet,http://englishmatters.gmu.edu
Mel Nichols poet,https://radiopublic.com
Mel Nichols poet,http://www.seguefoundation.com
Mel Nichols poet,https://theblueletter.wordpress.com
Mel Nichols poet,http://poetscoop.org
Mel Nichols poet,https://sites.duke.edu
Mel Nichols poet,http://deniselow.blogspot.com
Mel Nichols poet,https://en.wikipedia.org
Mel Nichols poet,http://counterpathpress.org
Eirikur Orn Norodahl poet,https://speedwealthy.com
Eirikur Orn Norodahl poet,http://www.baixae.xyz
Eirikur Orn Norodahl poet,http://www.litcentrum.sk
Eirikur Orn Norodahl poet,https://www.amazon.co.jp
Eirikur Orn Norodahl poet,http://kulturhusetstadsteatern.se
Eirikur Orn Norodahl poet,https://www.anzliterature.com
Eirikur Orn Norodahl poet,https://norddahl.org
Eirikur Orn Norodahl poet,https://ginsbergblog.wordpress.com
Eirikur Orn Norodahl poet,http://www.thenational.scot
Eirikur Orn Norodahl poet,http://www.actionyes.org
Eirikur Orn Norodahl poet,https://authorzilla.com
Eirikur Orn Norodahl poet,https://www.abebooks.co.uk
Eirikur Orn Norodahl poet,http://archive.is
Eirikur Orn Norodahl poet,https://www.templates-world.com
Eirikur Orn Norodahl poet,https://allenginsberg.org
Eirikur Orn Norodahl poet,http://ginsbergblog.blogspot.com
Eirikur Orn Norodahl poet,https://www.abebooks.com
Eirikur Orn Norodahl poet,https://www.berfrois.com
Eirikur Orn Norodahl poet,https://www.facebook.com
Eirikur Orn Norodahl poet,https://www.babelio.com
Eirikur Orn Norodahl poet,https://www.bol.com
Eirikur Orn Norodahl poet,http://sundownarts.org
Eirikur Orn Norodahl poet,https://sharkpackpoetry.com
Eirikur Orn Norodahl poet,http://ln.is
Rod Smith poet,https://www.ucpress.edu
Rod Smith poet,https://shenandoahliterary.org
Rod Smith poet,http://www.coleswensen.com
Rod Smith poet,https://www.washingtoncitypaper.com
Rod Smith poet,https://www.cleavermagazine.com
Rod Smith poet,https://www.writer.org
Rod Smith poet,https://www.uipress.uiowa.edu
Rod Smith poet,http://www.dcpoetry.com
Rod Smith poet,https://www.publishersweekly.com
Rod Smith poet,https://www.huffingtonpost.com
Rod Smith poet,https://today.appstate.edu
Rod Smith poet,https://247sports.com
Rod Smith poet,https://jacket2.org
Rod Smith poet,http://robmclennan.blogspot.com
Rod Smith poet,https://www.youtube.com
Rod Smith poet,https://www.poetryfoundation.org
Rod Smith poet,https://www.wavepoetry.com
Rod Smith poet,https://thevoltablog.wordpress.com
Rod Smith poet,https://www.loc.gov
Rod Smith poet,http://pippoetry.blogspot.com
Rod Smith poet,http://poems.com
Rod Smith poet,https://augustafreepress.com
Rod Smith poet,http://www.tampabay.com
Rod Smith poet,https://www.nytimes.com
Rod Smith poet,https://www.jstor.org
Rod Smith poet,http://www.wikiwand.com
Rod Smith poet,https://brooklynrail.org
Rod Smith poet,https://www.amazon.com
Rod Smith poet,https://ipfs.io
Rod Smith poet,https://www.writing.upenn.edu
Rod Smith poet,https://www.washingtonpost.com
Rod Smith poet,http://bibliomanic.com
Rod Smith poet,http://sibila.com.br
Rod Smith poet,https://www.forevermissed.com
Rod Smith poet,https://www.lipscomb.edu
Rod Smith poet,http://doublechange.org
Rod Smith poet,https://www.lyndensculpturegarden.org
Rod Smith poet,https://www.sbu.edu
Rod Smith poet,http://www.seguefoundation.com
Rod Smith poet,https://www.bbc.com
Rod Smith poet,http://www.mercerunion.org
Rod Smith poet,https://washingtonart.com
Rod Smith poet,http://www.woodlandpattern.org
Rod Smith poet,https://www.thenation.com
Rod Smith poet,https://www.poemhunter.com
Rod Smith poet,https://en.wikipedia.org
Rod Smith poet,https://www.irishtimes.com
Rod Smith poet,http://jacketmagazine.com
Christina Strong poet,http://www.oxforddnb.com
Christina Strong poet,http://www.aclibrary.org
Christina Strong poet,http://surelsplace.org
Christina Strong poet,https://www.telegraph.co.uk
Christina Strong poet,http://writing.upenn.edu
Christina Strong poet,http://propolispress.com
Christina Strong poet,http://christinastrong.com
Christina Strong poet,http://www.dcpoetry.com
Christina Strong poet,http://bostonlitdistrict.org
Christina Strong poet,https://www.danishculture.com
Christina Strong poet,https://variety.com
Christina Strong poet,https://www.nh.gov
Christina Strong poet,https://jacket2.org
Christina Strong poet,https://www.youtube.com
Christina Strong poet,http://jacketmagazine.com
Christina Strong poet,https://www.poetryfoundation.org
Christina Strong poet,https://boogcity.com
Christina Strong poet,http://www.berlspoetry.com
Christina Strong poet,http://motustheater.org
Christina Strong poet,https://www.poets.org
Christina Strong poet,http://www.thehypertexts.com
Christina Strong poet,https://www.manchestercc.edu
Christina Strong poet,https://www.biography.com
Christina Strong poet,http://www.bl.uk
Christina Strong poet,https://www.dignitymemorial.com
Christina Strong poet,https://www.jstor.org
Christina Strong poet,https://kwnyc.com
Christina Strong poet,http://christinasng.com
Christina Strong poet,https://www.artsy.net
Christina Strong poet,https://www.seattlemag.com
Christina Strong poet,https://www.bustle.com
Christina Strong poet,https://www.csulb.edu
Christina Strong poet,https://www.amazon.com
Christina Strong poet,https://www.facebook.com
Christina Strong poet,http://departments.kings.edu
Christina Strong poet,http://mappemunde.typepad.com
Christina Strong poet,https://www.britannica.com
Christina Strong poet,http://www.tingemagazine.org
Christina Strong poet,https://www.poemhunter.com
Christina Strong poet,https://en.wikipedia.org
Christina Strong poet,http://users.telenet.be
Christina Strong poet,https://www.poetryproject.org
Edwin Torres poet,https://bombmagazine.org
Edwin Torres poet,https://wavefarm.org
Edwin Torres poet,http://writing.upenn.edu
Edwin Torres poet,https://www.farmingdale.edu
Edwin Torres poet,https://poetshouse.org
Edwin Torres poet,http://www.iperstoria.it
Edwin Torres poet,https://www.upne.com
Edwin Torres poet,https://www.publishersweekly.com
Edwin Torres poet,http://movingpoems.com
Edwin Torres poet,https://www.tribes.org
Edwin Torres poet,https://www.foundationforcontemporaryarts.org
Edwin Torres poet,http://www.worldcat.org
Edwin Torres poet,https://www.youtube.com
Edwin Torres poet,https://www.poetryfoundation.org
Edwin Torres poet,https://www.wavepoetry.com
Edwin Torres poet,https://english.nd.edu
Edwin Torres poet,https://mindhoney.com
Edwin Torres poet,http://kgbbar.com
Edwin Torres poet,http://www.vipfaq.com
Edwin Torres poet,https://muse.jhu.edu
Edwin Torres poet,https://www.poets.org
Edwin Torres poet,https://www.poetrysociety.org
Edwin Torres poet,https://www.revolvy.com
Edwin Torres poet,https://twitter.com
Edwin Torres poet,https://uapress.arizona.edu
Edwin Torres poet,http://powerhouseon8th.com
Edwin Torres poet,http://www.brainlingo.com
Edwin Torres poet,https://newsroom.cisco.com
Edwin Torres poet,https://issueprojectroom.org
Edwin Torres poet,https://blog.lareviewofbooks.org
Edwin Torres poet,https://www.target.com
Edwin Torres poet,http://www.nyfreeguide.com
Edwin Torres poet,https://www.poetryproject.org
Edwin Torres poet,http://loisaida.org
Edwin Torres poet,https://alchetron.com
Edwin Torres poet,https://www.amazon.com
Edwin Torres poet,http://www.poetrypaths.org
Edwin Torres poet,https://charlierose.com
Edwin Torres poet,https://lannan.georgetown.edu
Edwin Torres poet,https://www.facebook.com
Edwin Torres poet,http://www.raintaxi.com
Edwin Torres poet,https://vimeo.com
Edwin Torres poet,https://albanypoets.com
Edwin Torres poet,https://www.poemhunter.com
Edwin Torres poet,https://en.wikipedia.org
Edwin Torres poet,https://www.semcoop.com
Edwin Torres poet,http://counterpathpress.org
Edwin Torres poet,https://edwintorres.bandcamp.com
Elisabeth Workman poet,http://exchange.prx.org
Elisabeth Workman poet,https://www.newschool.edu
Elisabeth Workman poet,https://therumpus.net
Elisabeth Workman poet,https://on-contemporarypractice.squarespace.com
Elisabeth Workman poet,http://greybookpress.com
Elisabeth Workman poet,https://brighthillpress.org
Elisabeth Workman poet,https://www.publishersweekly.com
Elisabeth Workman poet,http://www.eatmywordsbooks.com
Elisabeth Workman poet,http://www.poetrycityusa.com
Elisabeth Workman poet,https://prettyowlpoetry.com
Elisabeth Workman poet,https://www.asu.edu
Elisabeth Workman poet,https://www.zoominfo.com
Elisabeth Workman poet,http://robmclennan.blogspot.com
Elisabeth Workman poet,https://www.youtube.com
Elisabeth Workman poet,https://entropymag.org
Elisabeth Workman poet,https://www.indeedbrewing.com
Elisabeth Workman poet,http://www.bloofbooks.com
Elisabeth Workman poet,http://www.brooklyn.cuny.edu
Elisabeth Workman poet,https://www.goodreads.com
Elisabeth Workman poet,http://bodegapoponwfmu.blogspot.com
Elisabeth Workman poet,http://delirioushem.blogspot.com
Elisabeth Workman poet,http://typografika.com
Elisabeth Workman poet,https://www.minnpost.com
Elisabeth Workman poet,http://littlereviewsbusypeople.blogspot.com
Elisabeth Workman poet,http://montevidayo.com
Elisabeth Workman poet,https://tarpaulinsky.com
Elisabeth Workman poet,https://newsletter.badgirlsbible.com
Elisabeth Workman poet,https://www.carrielorig.com
Elisabeth Workman poet,http://geotypografika.com
Elisabeth Workman poet,http://www.neshanmagazine.com
Elisabeth Workman poet,http://arseniclobster.magere.com
Elisabeth Workman poet,https://www.jennyschmid.com
Elisabeth Workman poet,http://lamama.org
Elisabeth Workman poet,https://mcad.edu
Elisabeth Workman poet,https://www.facebook.com
Elisabeth Workman poet,http://www.dusie.org
Elisabeth Workman poet,https://amyking.org
Elisabeth Workman poet,https://myemail.constantcontact.com
Elisabeth Workman poet,http://www.qatar.vcu.edu
Elisabeth Workman poet,http://ligature.ch
Elisabeth Workman poet,http://www.raintaxi.com
Elisabeth Workman poet,https://www.diaart.org
Elisabeth Workman poet,https://fanoon.org
Elisabeth Workman poet,https://vimeo.com
Elisabeth Workman poet,http://micawberesque.blogspot.com
Elisabeth Workman poet,http://www.startribune.com
Elisabeth Workman poet,http://chicagoreview.org
Gary Sullivan poet,https://www.wired.com
Gary Sullivan poet,http://modampo.blogspot.com
Gary Sullivan poet,https://www.spdbooks.org
Gary Sullivan poet,https://therumpus.net
Gary Sullivan poet,http://writing.upenn.edu
Gary Sullivan poet,https://www.pw.org
Gary Sullivan poet,https://www.pinterest.com
Gary Sullivan poet,http://www.dcpoetry.com
Gary Sullivan poet,https://nwsnews.wordpress.com
Gary Sullivan poet,https://www.publishersweekly.com
Gary Sullivan poet,https://prabook.com
Gary Sullivan poet,https://garysullivan.iheart.com
Gary Sullivan poet,http://afropop.org
Gary Sullivan poet,https://jacket2.org
Gary Sullivan poet,https://www.youtube.com
Gary Sullivan poet,https://www.poetryfoundation.org
Gary Sullivan poet,http://jacketmagazine.com
Gary Sullivan poet,https://www.granarybooks.com
Gary Sullivan poet,http://wfmu.org
Gary Sullivan poet,https://www.uglyducklingpresse.org
Gary Sullivan poet,https://www.poets.org
Gary Sullivan poet,https://lareviewofbooks.org
Gary Sullivan poet,https://www.goodreads.com
Gary Sullivan poet,https://www.revolvy.com
Gary Sullivan poet,http://www.ubu.com
Gary Sullivan poet,http://dw-wp.com
Gary Sullivan poet,http://opencitymag.aaww.org
Gary Sullivan poet,http://donshare.blogspot.com
Gary Sullivan poet,http://galatearesurrection10.blogspot.com
Gary Sullivan poet,http://www.sj-r.com
Gary Sullivan poet,https://brooklynrail.org
Gary Sullivan poet,https://www.amazon.com
Gary Sullivan poet,http://woodland.diedrick.com
Gary Sullivan poet,http://www.raintaxi.com
Gary Sullivan poet,https://bandcamp.com
Gary Sullivan poet,http://www.tarpaulinsky.com
Gary Sullivan poet,https://www.wsj.com
Gary Sullivan poet,http://home.jps.net
Gary Sullivan poet,https://roadsandkingdoms.com
Gary Sullivan poet,http://criticalflame.org
Gary Sullivan poet,https://opensource.com
Gary Sullivan poet,http://willtoexchange.blogspot.com
Gary Sullivan poet,https://en.wikipedia.org
Gary Sullivan poet,https://www.poetryproject.org
Nada Gordon poet,https://www.wired.com
Nada Gordon poet,http://modampo.blogspot.com
Nada Gordon poet,https://www.albany.edu
Nada Gordon poet,https://www.spdbooks.org
Nada Gordon poet,http://writing.upenn.edu
Nada Gordon poet,http://ignoretheventriloquists.blogspot.com
Nada Gordon poet,https://www.publishersweekly.com
Nada Gordon poet,http://wallacethinksagain.blogspot.com
Nada Gordon poet,http://www.dcpoetry.com
Nada Gordon poet,https://www.huffingtonpost.com
Nada Gordon poet,https://www.flickr.com
Nada Gordon poet,https://www.asu.edu
Nada Gordon poet,https://jacket2.org
Nada Gordon poet,http://heymancenter.org
Nada Gordon poet,https://www.youtube.com
Nada Gordon poet,http://jacketmagazine.com
Nada Gordon poet,https://www.poetryfoundation.org
Nada Gordon poet,http://www.berlspoetry.com
Nada Gordon poet,https://michaelleong.wordpress.com
Nada Gordon poet,https://www.granarybooks.com
Nada Gordon poet,https://www.poets.org
Nada Gordon poet,https://poet.tips
Nada Gordon poet,https://www.goodreads.com
Nada Gordon poet,https://twitter.com
Nada Gordon poet,https://lemonhound.com
Nada Gordon poet,http://www.poeticresearch.com
Nada Gordon poet,http://brooklynpoets.org
Nada Gordon poet,https://lpr.com
Nada Gordon poet,https://sundoglitblog.wordpress.com
Nada Gordon poet,https://brooklynrail.org
Nada Gordon poet,https://whitney.org
Nada Gordon poet,https://www.amazon.com
Nada Gordon poet,http://eoagh.com
Nada Gordon poet,https://www.berfrois.com
Nada Gordon poet,https://www.diaart.org
Nada Gordon poet,https://www.facebook.com
Nada Gordon poet,http://djhuppatz.blogspot.com
Nada Gordon poet,http://home.jps.net
Nada Gordon poet,http://www.seguefoundation.com
Nada Gordon poet,https://prezi.com
Nada Gordon poet,https://sharkpackpoetry.com
Nada Gordon poet,https://soundcloud.com
Nada Gordon poet,https://en.wikipedia.org
Nada Gordon poet,https://www.poetryproject.org
Drew Gardner poet,https://www.spdbooks.org
Drew Gardner poet,http://writing.upenn.edu
Drew Gardner poet,http://bostonreview.net
Drew Gardner poet,https://www.amazon.co.jp
Drew Gardner poet,https://wewhoareabouttodie.wordpress.com
Drew Gardner poet,http://www.dcpoetry.com
Drew Gardner poet,https://www.flipkart.com
Drew Gardner poet,https://www.emptymirrorbooks.com
Drew Gardner poet,http://www.aerialedge.com
Drew Gardner poet,https://www.theawl.com
Drew Gardner poet,https://jacket2.org
Drew Gardner poet,https://www.youtube.com
Drew Gardner poet,https://www.poetryfoundation.org
Drew Gardner poet,https://www.drew.edu
Drew Gardner poet,http://www.berlspoetry.com
Drew Gardner poet,https://www.poets.org
Drew Gardner poet,http://writingworkshop.blogs.wesleyan.edu
Drew Gardner poet,https://www.thehour.com
Drew Gardner poet,https://www.goodreads.com
Drew Gardner poet,https://twitter.com
Drew Gardner poet,https://www.barnesandnoble.com
Drew Gardner poet,https://lemonhound.com
Drew Gardner poet,http://www.flim.com
Drew Gardner poet,http://www.edgetonerecords.com
Drew Gardner poet,http://drewgardner.blogspot.com
Drew Gardner poet,https://drewgardnerspoeticsorchestra.bandcamp.com
Drew Gardner poet,https://www.theguardian.com
Drew Gardner poet,https://www.amazon.com
Drew Gardner poet,http://www.cosmoetica.com
Drew Gardner poet,https://www.amazon.ca
Drew Gardner poet,https://www.euppublishing.com
Drew Gardner poet,https://www.facebook.com
Drew Gardner poet,https://constantcritic.com
Drew Gardner poet,http://photography-thedarkart.blogspot.com
Drew Gardner poet,http://djhuppatz.blogspot.com
Drew Gardner poet,https://store.cdbaby.com
Drew Gardner poet,http://strobist.blogspot.com
Drew Gardner poet,http://chicagoreview.org
Drew Gardner poet,http://home.jps.net
Drew Gardner poet,http://www.poeticsorchestra.com
Drew Gardner poet,https://en.wikipedia.org
Drew Gardner poet,https://www.ebay.com
Drew Gardner poet,https://www.poetryproject.org
K. Silem Mohammad poet,https://www.poetshouse.org
K. Silem Mohammad poet,https://bombmagazine.org
K. Silem Mohammad poet,https://www.spdbooks.org
K. Silem Mohammad poet,http://dcpoetry.com
K. Silem Mohammad poet,http://writing.upenn.edu
K. Silem Mohammad poet,https://www.timeout.com
K. Silem Mohammad poet,https://www.canopycanopycanopy.com
K. Silem Mohammad poet,https://zorosko.blogspot.com
K. Silem Mohammad poet,https://www.mcnallyrobinson.com
K. Silem Mohammad poet,http://oregonpoeticvoices.org
K. Silem Mohammad poet,http://www.aerialedge.com
K. Silem Mohammad poet,https://inventaire.io
K. Silem Mohammad poet,https://jacket2.org
K. Silem Mohammad poet,https://www.youtube.com
K. Silem Mohammad poet,https://www.poetryfoundation.org
K. Silem Mohammad poet,http://durationpress.com
K. Silem Mohammad poet,http://iblog.iup.edu
K. Silem Mohammad poet,https://poet.tips
K. Silem Mohammad poet,https://www.poetrysociety.org
K. Silem Mohammad poet,https://www.goodreads.com
K. Silem Mohammad poet,https://www.revolvy.com
K. Silem Mohammad poet,https://www.barnesandnoble.com
K. Silem Mohammad poet,https://lemonhound.com
K. Silem Mohammad poet,http://www.jhwriter.com
K. Silem Mohammad poet,https://wikivisually.com
K. Silem Mohammad poet,http://actionyes.org
K. Silem Mohammad poet,https://www.kenyonreview.org
K. Silem Mohammad poet,http://lime-tree.blogspot.com
K. Silem Mohammad poet,https://www.abebooks.com
K. Silem Mohammad poet,http://sustainableaircraft.com
K. Silem Mohammad poet,https://www.amazon.com
K. Silem Mohammad poet,https://www.amazon.ca
K. Silem Mohammad poet,https://hyperallergic.com
K. Silem Mohammad poet,http://www.dusie.org
K. Silem Mohammad poet,http://dailytidings.com
K. Silem Mohammad poet,http://jacket2.org
K. Silem Mohammad poet,https://rachelzolf.com
K. Silem Mohammad poet,https://www.amazon.co.uk
K. Silem Mohammad poet,http://willtoexchange.blogspot.com
K. Silem Mohammad poet,https://lemonhoundcom.wordpress.com
K. Silem Mohammad poet,https://en.wikipedia.org
K. Silem Mohammad poet,https://www.spectroom.com
K. Silem Mohammad poet,http://jacketmagazine.com
Sharon Mesmer poet,https://dubiouslabia.wordpress.com
Sharon Mesmer poet,https://www.wired.com
Sharon Mesmer poet,https://www.newschool.edu
Sharon Mesmer poet,https://www.linkedin.com
Sharon Mesmer poet,https://www.pw.org
Sharon Mesmer poet,http://www.thebestamericanpoetry.typepad.com
Sharon Mesmer poet,http://profile.typepad.com
Sharon Mesmer poet,https://poetsgulfcoast.wordpress.com
Sharon Mesmer poet,https://nwsnews.wordpress.com
Sharon Mesmer poet,https://www.brooklynpaper.com
Sharon Mesmer poet,https://aboutplacejournal.org
Sharon Mesmer poet,https://jacket2.org
Sharon Mesmer poet,https://aprweb.org
Sharon Mesmer poet,https://www.youtube.com
Sharon Mesmer poet,https://www.poetryfoundation.org
Sharon Mesmer poet,http://www.215festival.org
Sharon Mesmer poet,http://poetryfest.brussels
Sharon Mesmer poet,http://kgbbar.com
Sharon Mesmer poet,https://positjournal.com
Sharon Mesmer poet,http://journals.sfu.ca
Sharon Mesmer poet,https://www.poets.org
Sharon Mesmer poet,https://www.poetrysociety.org
Sharon Mesmer poet,http://people.vcu.edu
Sharon Mesmer poet,https://sharonmesmer.com
Sharon Mesmer poet,https://www.goodreads.com
Sharon Mesmer poet,https://twitter.com
Sharon Mesmer poet,https://allenginsberg.org
Sharon Mesmer poet,https://www.thereadinglists.com
Sharon Mesmer poet,http://brooklynpoets.org
Sharon Mesmer poet,http://www.versedaily.org
Sharon Mesmer poet,https://blog.bestamericanpoetry.com
Sharon Mesmer poet,https://brooklynrail.org
Sharon Mesmer poet,https://www.theparisreview.org
Sharon Mesmer poet,https://www.amazon.com
Sharon Mesmer poet,http://www.chicagoschoolofpoetics.com
Sharon Mesmer poet,https://hyperallergic.com
Sharon Mesmer poet,https://www.diaart.org
Sharon Mesmer poet,https://www.facebook.com
Sharon Mesmer poet,http://djhuppatz.blogspot.com
Sharon Mesmer poet,http://dougist.com
Sharon Mesmer poet,http://news.bloofbooks.com
Sharon Mesmer poet,http://poetsonadoption.blogspot.com
Sharon Mesmer poet,https://sensitiveskinmagazine.com
Sharon Mesmer poet,https://albanypoets.com
Sharon Mesmer poet,https://as.nyu.edu
Sharon Mesmer poet,https://en.wikipedia.org
Sharon Mesmer poet,https://www.poetryproject.org
